<?xml version="1.0" encoding="UTF-8"?><?xml-stylesheet type='text/xsl' href='_UpgradeReport_Files/UpgradeReport.xslt'?><UpgradeLog>
<Properties><Property Name="Solution" Value="AlphaBlendTextBox">
</Property><Property Name="Файл решения" Value="C:\Users\Илья\Desktop\AlphaBlendTextBox_src\AlphaBlendTextBox.sln">
</Property><Property Name="Date" Value="16 октября 2011 г.">
</Property><Property Name="Time" Value="15:05">
</Property></Properties><Event ErrorLevel="0" Project="" Source="AlphaBlendTextBox.sln" Description="Успешно создана резервная копия файла C:\Users\Илья\Desktop\AlphaBlendTextBox_src\Backup\AlphaBlendTextBox.sln">
</Event><Event ErrorLevel="0" Project="AlphaBlendTextBox" Source="AlphaBlendTextBox.csproj" Description="Успешно создана резервная копия файла проекта: C:\Users\Илья\Desktop\AlphaBlendTextBox_src\Backup\AlphaBlendTextBox.csproj">
</Event><Event ErrorLevel="0" Project="AlphaBlendTextBox" Source="AlphaBlendTextBox.csproj.user" Description="Резервная копия проекта успешно создана как C:\Users\Илья\Desktop\AlphaBlendTextBox_src\Backup\AlphaBlendTextBox.csproj.user">
</Event><Event ErrorLevel="0" Project="AlphaBlendTextBox" Source="AlphaBlendTextBox.cs" Description="Успешно создана резервная копия файла C:\Users\Илья\Desktop\AlphaBlendTextBox_src\Backup\AlphaBlendTextBox.cs">
</Event><Event ErrorLevel="0" Project="AlphaBlendTextBox" Source="AssemblyInfo.cs" Description="Успешно создана резервная копия файла C:\Users\Илья\Desktop\AlphaBlendTextBox_src\Backup\AssemblyInfo.cs">
</Event><Event ErrorLevel="0" Project="AlphaBlendTextBox" Source="win32.cs" Description="Успешно создана резервная копия файла C:\Users\Илья\Desktop\AlphaBlendTextBox_src\Backup\win32.cs">
</Event><Event ErrorLevel="0" Project="AlphaBlendTextBox" Source="AlphaBlendTextBox.resx" Description="Успешно создана резервная копия файла C:\Users\Илья\Desktop\AlphaBlendTextBox_src\Backup\AlphaBlendTextBox.resx">
</Event><Event ErrorLevel="1" Project="AlphaBlendTextBox" Source="AlphaBlendTextBox.csproj" Description="Этот проект рассчитан на .NET Framework версии 2.0 или 3.0. Если проект будет использовать сборки, требующие более новую версию .NET Framework, возникнет ошибка построения. Чтобы изменить версию .NET Framework, выберите пункт &quot;Свойства&quot; в меню проекта, затем выберите новую версию в раскрывающемся списке &quot;.NET Framework&quot;. (В Visual Basic этот список находится на вкладке &quot;Компиляция&quot;, открываемой при нажатии кнопки &quot;Дополнительные параметры компилятора&quot;.)">
</Event><Event ErrorLevel="0" Project="AlphaBlendTextBox" Source="AlphaBlendTextBox.csproj" Description="Проект успешно преобразован">
</Event><Event ErrorLevel="3" Project="AlphaBlendTextBox" Source="AlphaBlendTextBox.csproj" Description="Converted">
</Event><Event ErrorLevel="0" Project="ABTestCS" Source="ABTestCS\ABTestCS.csproj" Description="Успешно создана резервная копия файла проекта: C:\Users\Илья\Desktop\AlphaBlendTextBox_src\Backup\ABTestCS\ABTestCS.csproj">
</Event><Event ErrorLevel="0" Project="ABTestCS" Source="ABTestCS\ABTestCS.csproj.user" Description="Резервная копия проекта успешно создана как C:\Users\Илья\Desktop\AlphaBlendTextBox_src\Backup\ABTestCS\ABTestCS.csproj.user">
</Event><Event ErrorLevel="0" Project="ABTestCS" Source="ABTestCS\AssemblyInfo.cs" Description="Успешно создана резервная копия файла C:\Users\Илья\Desktop\AlphaBlendTextBox_src\Backup\ABTestCS\AssemblyInfo.cs">
</Event><Event ErrorLevel="0" Project="ABTestCS" Source="ABTestCS\Form1.cs" Description="Успешно создана резервная копия файла C:\Users\Илья\Desktop\AlphaBlendTextBox_src\Backup\ABTestCS\Form1.cs">
</Event><Event ErrorLevel="0" Project="ABTestCS" Source="ABTestCS\App.ico" Description="Успешно создана резервная копия файла C:\Users\Илья\Desktop\AlphaBlendTextBox_src\Backup\ABTestCS\App.ico">
</Event><Event ErrorLevel="0" Project="ABTestCS" Source="ABTestCS\Form1.resx" Description="Успешно создана резервная копия файла C:\Users\Илья\Desktop\AlphaBlendTextBox_src\Backup\ABTestCS\Form1.resx">
</Event><Event ErrorLevel="1" Project="ABTestCS" Source="ABTestCS\ABTestCS.csproj" Description="Этот проект рассчитан на .NET Framework версии 2.0 или 3.0. Если проект будет использовать сборки, требующие более новую версию .NET Framework, возникнет ошибка построения. Чтобы изменить версию .NET Framework, выберите пункт &quot;Свойства&quot; в меню проекта, затем выберите новую версию в раскрывающемся списке &quot;.NET Framework&quot;. (В Visual Basic этот список находится на вкладке &quot;Компиляция&quot;, открываемой при нажатии кнопки &quot;Дополнительные параметры компилятора&quot;.)">
</Event><Event ErrorLevel="0" Project="ABTestCS" Source="ABTestCS\ABTestCS.csproj" Description="Проект успешно преобразован">
</Event><Event ErrorLevel="3" Project="ABTestCS" Source="ABTestCS\ABTestCS.csproj" Description="Converted">
</Event><Event ErrorLevel="0" Project="" Source="AlphaBlendTextBox.sln" Description="Преобразование решения успешно завершено">
</Event><Event ErrorLevel="3" Project="" Source="AlphaBlendTextBox.sln" Description="Converted">
</Event><Event ErrorLevel="0" Project="AlphaBlendTextBox" Source="AlphaBlendTextBox.csproj" Description="Сканирование завершено: обновление для файлов проекта не требуется.">
</Event><Event ErrorLevel="0" Project="ABTestCS" Source="ABTestCS\ABTestCS.csproj" Description="Сканирование завершено: обновление для файлов проекта не требуется.">
</Event></UpgradeLog>